feature,count,mean,std,min,max
Temperature ($^\circ$C),1817562,22.301149316722064,3.6497615415775555,13.5596,49.996
Humidity (\%),1817562,39.51464116761903,6.268633819320297,14.3407,64.83
Light (Lux),1817562,409.5936972401358,541.9359208600907,3.07716e-15,1847.36
Voltage (V),1817562,2.5565107120472357,0.11400333889981112,2.12875,2.9996
